{
  "contacts": [
    {
      "id": 1,
      "name": "John Doe",
      "email": "john@example.com",
      "contactNo": "09123342567"
    },
    {
      "id": 2,
      "name": "Jane Smith",
      "email": "jane@example.com",
      "contactNo": "09877686565"
    },
    {
      "id": 3,
      "name": "Alice",
      "email": "alice@hj.com",
      "contactNo": "09421247500"
    },
    {
      "id": 4,
      "name": "Bob Brown",
      "email": "bob@example.com",
      "contactNo": "09884272123"
    },
    {
      "name": "Coleen",
      "email": "john@example.com",
      "contactNo": "09123456789",
      "id": 5
    }
  ]
}